<ImportExportXml version="9.1.0.18353" SolutionPackageVersion="9.1" languagecode="1033" generatedBy="CrmLive" xmlns:xsi="http://www.w3.org/2001/XMLSchema-instance">
  <SolutionManifest>
    <UniqueName>COVIDMarketImpactTools</UniqueName>
    <LocalizedNames>
      <LocalizedName description="COVID Market Impact Tools" languagecode="1033" />
    </LocalizedNames>
    <Descriptions>
      <Description description="COVID Market Impact App and supporting components." languagecode="1033" />
    </Descriptions>
    <Version>1.0.0.1</Version>
    <Managed>1</Managed>
    <Publisher>
      <UniqueName>arbelatechnologies</UniqueName>
      <LocalizedNames>
        <LocalizedName description="Arbela Technologies" languagecode="1033" />
      </LocalizedNames>
      <Descriptions />
      <EMailAddress xsi:nil="true"></EMailAddress>
      <SupportingWebsiteUrl xsi:nil="true"></SupportingWebsiteUrl>
      <CustomizationPrefix>arb</CustomizationPrefix>
      <CustomizationOptionValuePrefix>43113</CustomizationOptionValuePrefix>
      <Addresses>
        <Address>
          <AddressNumber>1</AddressNumber>
          <AddressTypeCode>1</AddressTypeCode>
          <City xsi:nil="true"></City>
          <County xsi:nil="true"></County>
          <Country xsi:nil="true"></Country>
          <Fax xsi:nil="true"></Fax>
          <FreightTermsCode xsi:nil="true"></FreightTermsCode>
          <ImportSequenceNumber xsi:nil="true"></ImportSequenceNumber>
          <Latitude xsi:nil="true"></Latitude>
          <Line1 xsi:nil="true"></Line1>
          <Line2 xsi:nil="true"></Line2>
          <Line3 xsi:nil="true"></Line3>
          <Longitude xsi:nil="true"></Longitude>
          <Name xsi:nil="true"></Name>
          <PostalCode xsi:nil="true"></PostalCode>
          <PostOfficeBox xsi:nil="true"></PostOfficeBox>
          <PrimaryContactName xsi:nil="true"></PrimaryContactName>
          <ShippingMethodCode>1</ShippingMethodCode>
          <StateOrProvince xsi:nil="true"></StateOrProvince>
          <Telephone1 xsi:nil="true"></Telephone1>
          <Telephone2 xsi:nil="true"></Telephone2>
          <Telephone3 xsi:nil="true"></Telephone3>
          <TimeZoneRuleVersionNumber xsi:nil="true"></TimeZoneRuleVersionNumber>
          <UPSZone xsi:nil="true"></UPSZone>
          <UTCOffset xsi:nil="true"></UTCOffset>
          <UTCConversionTimeZoneCode xsi:nil="true"></UTCConversionTimeZoneCode>
        </Address>
        <Address>
          <AddressNumber>2</AddressNumber>
          <AddressTypeCode>1</AddressTypeCode>
          <City xsi:nil="true"></City>
          <County xsi:nil="true"></County>
          <Country xsi:nil="true"></Country>
          <Fax xsi:nil="true"></Fax>
          <FreightTermsCode xsi:nil="true"></FreightTermsCode>
          <ImportSequenceNumber xsi:nil="true"></ImportSequenceNumber>
          <Latitude xsi:nil="true"></Latitude>
          <Line1 xsi:nil="true"></Line1>
          <Line2 xsi:nil="true"></Line2>
          <Line3 xsi:nil="true"></Line3>
          <Longitude xsi:nil="true"></Longitude>
          <Name xsi:nil="true"></Name>
          <PostalCode xsi:nil="true"></PostalCode>
          <PostOfficeBox xsi:nil="true"></PostOfficeBox>
          <PrimaryContactName xsi:nil="true"></PrimaryContactName>
          <ShippingMethodCode>1</ShippingMethodCode>
          <StateOrProvince xsi:nil="true"></StateOrProvince>
          <Telephone1 xsi:nil="true"></Telephone1>
          <Telephone2 xsi:nil="true"></Telephone2>
          <Telephone3 xsi:nil="true"></Telephone3>
          <TimeZoneRuleVersionNumber xsi:nil="true"></TimeZoneRuleVersionNumber>
          <UPSZone xsi:nil="true"></UPSZone>
          <UTCOffset xsi:nil="true"></UTCOffset>
          <UTCConversionTimeZoneCode xsi:nil="true"></UTCConversionTimeZoneCode>
        </Address>
      </Addresses>
    </Publisher>
    <RootComponents>
      <RootComponent type="1" schemaName="account" behavior="2" />
      <RootComponent type="1" schemaName="arb_businesssegment" behavior="0" />
      <RootComponent type="1" schemaName="arb_industry" behavior="0" />
      <RootComponent type="1" schemaName="arb_salesterritory" behavior="0" />
      <RootComponent type="1" schemaName="systemuser" behavior="2" />
      <RootComponent type="9" schemaName="arb_accounttypecode" behavior="0" />
      <RootComponent type="9" schemaName="arb_booleanoptionsetcode" behavior="0" />
      <RootComponent type="20" id="{21b8a6c2-c277-ea11-a811-000d3a8c9000}" behavior="0" />
      <RootComponent type="20" id="{756a741e-4fd3-e911-a82c-000d3a1d5a0b}" behavior="0" />
      <RootComponent type="20" id="{86e9db32-c277-ea11-a811-000d3a8c9000}" behavior="0" />
      <RootComponent type="29" id="{21009a2a-0579-ea11-a811-000d3a8c9000}" behavior="0" />
      <RootComponent type="29" id="{2f43785e-cd77-ea11-a811-000d3a8c9000}" behavior="0" />
      <RootComponent type="29" id="{df0216fa-6a78-ea11-a811-000d3a8c9c8c}" behavior="0" />
      <RootComponent type="29" id="{f9dc817d-cc77-ea11-a811-000d3a8c9000}" behavior="0" />
      <RootComponent type="60" id="{3e0e139e-98c7-4f68-8bc5-484a198a34ed}" behavior="0" />
      <RootComponent type="60" id="{6a86f388-8643-4852-8e15-70b62caa5f31}" behavior="0" />
      <RootComponent type="60" id="{a04ad5df-09a9-485b-ad77-67d5516d8d69}" behavior="0" />
      <RootComponent type="60" id="{b93c1016-4ab0-4b40-872d-02b81747a1e9}" behavior="0" />
      <RootComponent type="60" id="{bf15584f-4ae7-473e-8be0-567928afc105}" behavior="0" />
      <RootComponent type="60" id="{c3ff0b85-34a0-454d-83b6-283f638b177a}" behavior="0" />
      <RootComponent type="60" id="{d11421a7-138d-47ec-bf60-62e96aa54568}" behavior="0" />
      <RootComponent type="61" schemaName="arb_/css/images/Business_Segment.svg" behavior="0" />
      <RootComponent type="61" schemaName="arb_/css/images/Industry.svg" behavior="0" />
      <RootComponent type="61" schemaName="arb_/css/images/Power_BI.svg" behavior="0" />
      <RootComponent type="61" schemaName="arb_/css/images/Sales_Territory.svg" behavior="0" />
      <RootComponent type="62" schemaName="arb_ImpactAssessmentApp" behavior="0" />
      <RootComponent type="80" schemaName="arb_ImpactAssessmentApp" behavior="0" />
    </RootComponents>
    <MissingDependencies>
      <MissingDependency>
        <Required key="0" type="61" schemaName="msdyn_/Images/AppModule_Default_Icon.png" displayName="msdyn_/Images/AppModule_Default_Icon.png" solution="AppModuleWebResources (2.5)" />
        <Dependent key="1" type="80" schemaName="arb_ImpactAssessmentApp" displayName="Impact Assessment App" />
      </MissingDependency>
    </MissingDependencies>
  </SolutionManifest>
</ImportExportXml>