{"properties":{"connectionReferences":{"shared_bingmaps":{"runtimeSource":"embedded","connection":{},"api":{"name":"shared_bingmaps"}},"shared_commondataserviceforapps":{"runtimeSource":"embedded","connection":{},"api":{"name":"shared_commondataserviceforapps"}},"shared_office365":{"runtimeSource":"embedded","connection":{},"api":{"name":"shared_office365"}}},"definition":{"$schema":"https://schema.management.azure.com/providers/Microsoft.Logic/schemas/2016-06-01/workflowdefinition.json#","contentVersion":"1.0.0.0","parameters":{"$connections":{"defaultValue":{},"type":"Object"},"$authentication":{"defaultValue":{},"type":"SecureObject"}},"triggers":{"When_a_record_is_created,_updated_or_deleted":{"type":"OpenApiConnectionWebhook","inputs":{"host":{"connectionName":"shared_commondataserviceforapps","operationId":"SubscribeWebhookTrigger","apiId":"/providers/Microsoft.PowerApps/apis/shared_commondataserviceforapps"},"parameters":{"subscriptionRequest/message":4,"subscriptionRequest/entityname":"account","subscriptionRequest/scope":4,"subscriptionRequest/filteringattributes":"address1_composite"},"authentication":"@parameters('$authentication')"}}},"actions":{"Scope:_Main":{"actions":{"Get_location_by_address":{"runAfter":{},"type":"OpenApiConnection","inputs":{"host":{"connectionName":"shared_bingmaps","operationId":"GetLocationByAddress","apiId":"/providers/Microsoft.PowerApps/apis/shared_bingmaps"},"parameters":{"addressLine":"@{triggerOutputs()?['body/address1_line1']} @{triggerOutputs()?['body/address1_line2']}","locality":"@triggerOutputs()?['body/address1_city']","adminDistrict":"@triggerOutputs()?['body/address1_stateorprovince']","postalCode":"@triggerOutputs()?['body/address1_postalcode']","countryRegion":"@triggerOutputs()?['body/address1_country']"},"authentication":"@parameters('$authentication')"}},"Update:_Account_Address":{"runAfter":{"Get:_Address_Id":["Succeeded"]},"type":"OpenApiConnection","inputs":{"host":{"connectionName":"shared_commondataserviceforapps","operationId":"UpdateRecord","apiId":"/providers/Microsoft.PowerApps/apis/shared_commondataserviceforapps"},"parameters":{"entityName":"customeraddresses","recordId":"@outputs('Get:_Address_Id')?['body/address1_addressid']","item/latitude":"@outputs('Get_location_by_address')?['body/point/coordinates/latitude']","item/longitude":"@outputs('Get_location_by_address')?['body/point/coordinates/longitude']"},"authentication":"@parameters('$authentication')"}},"Get:_Address_Id":{"runAfter":{"Get_location_by_address":["Succeeded"]},"type":"OpenApiConnection","inputs":{"host":{"connectionName":"shared_commondataserviceforapps","operationId":"GetItem","apiId":"/providers/Microsoft.PowerApps/apis/shared_commondataserviceforapps"},"parameters":{"entityName":"accounts","recordId":"@triggerOutputs()?['body/accountid']","$select":"address1_addressid"},"authentication":"@parameters('$authentication')"}}},"runAfter":{},"type":"Scope"},"Scope:_Error_Handler":{"actions":{"Filter:_Failures":{"runAfter":{"Compose:_Result":["Succeeded"]},"type":"Query","inputs":{"from":"@outputs('Compose:_Result')","where":"@contains(createArray('Failed', 'TimedOut'), item()?['status'])"}},"Select:_Error_Details":{"runAfter":{"Filter:_Failures":["Succeeded"]},"type":"Select","inputs":{"from":"@body('Filter:_Failures')","select":"@concat('<strong>Step Name: </strong>', item()?['name'], '<br><strong>Error Code: </strong>', item()?['error']?['code'], '<br><strong>Error Message: </strong><br>', item()?['error']?['message'], '<br><br>')"},"description":"concat('<strong>Step Name: </strong>',item()?['name'],'<br><strong>Error Code: </strong>',item()?['error']?['code'],'<br><strong>Error Message: </strong><br>',item()?['error']?['message'],'<br><br>')"},"Join:_Error_Details":{"runAfter":{"Select:_Error_Details":["Succeeded"]},"type":"Join","inputs":{"from":"@body('Select:_Error_Details')","joinWith":"@{null}"}},"Send_an_email:_Global_Error_Message":{"runAfter":{"Join:_Error_Details":["Succeeded"]},"type":"OpenApiConnection","inputs":{"host":{"connectionName":"shared_office365","operationId":"SendEmailV2","apiId":"/providers/Microsoft.PowerApps/apis/shared_office365"},"parameters":{"emailMessage/To":"cole.skene@arbelatech.com","emailMessage/Subject":"Flow Error: Geocode Account Address","emailMessage/Body":"<p>Hello,<br>\n<br>\nThe following Flow encountered an error: @{outputs('Compose:_Flow_Name_and_URL')}<br>\n<br>\nAs a result of this error, the Lattitude and Longitude of an Account Address in the Impact Assessment App for this environment may not have been set. Please check the flow run history for more information.<br>\n<br>\nError details are listed below:<br>\n<br>\n@{body('Join:_Error_Details')}</p>","emailMessage/Importance":"High"},"authentication":"@parameters('$authentication')"}},"Terminate:_Handled_Exception":{"runAfter":{"Send_an_email:_Global_Error_Message":["Succeeded"]},"type":"Terminate","inputs":{"runStatus":"Failed","runError":{"message":"An Error occured, but the Error Handler ran successfully."}}},"Compose:_Flow_Name_and_URL":{"runAfter":{},"type":"Compose","inputs":"<a href=\"https://flow.microsoft.com/manage/environments/@{workflow()['tags']['environmentName']}/flows/@{workflow()['name']}/details\">@{workflow()['tags']['flowDisplayName']}</a>"},"Compose:_Result":{"runAfter":{"Compose:_Flow_Name_and_URL":["Succeeded"]},"type":"Compose","inputs":"@result('Scope:_Main')"}},"runAfter":{"Scope:_Main":["Failed","TimedOut"]},"type":"Scope"}},"outputs":{}}},"schemaVersion":"1.0.0.0"}